Blockchain,Network,Token ID,ETH Address
yellowstone,datil_prod,35971339220561477207237643908483856069793997694353086430340772959460333973720,0xE5a3c2BD8c39566552585c860EEbAc666b16F5dE
yellowstone,datil_prod,112790072354515736009072744762665828521556625581343594762697037911631186454316,0xcB40d36382a968583A3122c6495cA8a79bAD1CDa
yellowstone,datil_prod,63448674112798659088219165740492966711415419924708466698867101484255874884684,0x57A27B60812CE3f0a6192B43579bAeF7B3ADBd22
yellowstone,datil_prod,29392043178950634209822895742983426995737934365341791257687788739350246344805,0xB0dd159dC60cCc535163D4b81C2D831637Cd8DE8
yellowstone,datil_prod,87719920313889649064847418675875004473774491845498941824430324003718573054512,0x410230111BF76e7d3D3f2fEAE452a8F2c16dd121
yellowstone,datil_prod,101847527104066620790330472246856575083723355274409413425337960590976943551363,0x6d1e5488E54c2bfb4a9e938556Abb1ac2B4D07B4
yellowstone,datil_prod,55641008178337260823070504551754632702815148801421192190251260629084296602085,0xC2A073bcAf29F2B74724D1Fc49935023FBcc5055
yellowstone,datil_prod,44052384903686608832799732784618440863872345897918522705562273659841222922942,0xEDa68dAFF4cA3C4Fe79AAB1Cf07aD0dEa426bBAa
yellowstone,datil_prod,84099397339776246887990508714186923849281431502094486486042754638568266822362,0x262b0cb53Aa47Fc186A97B00a013EE8d28102eBf
yellowstone,datil_prod,64783204157506124265207164670351367515396454075459898244298186588556587422782,0x37A01990b39197203454538CEB7807c87ca9d084
yellowstone,datil_prod,15559441928192579501742201279093283879346552916746005051112035651868660305302,0x7116d54728D9AB197E94C3a5B383f896A1D04eC8
yellowstone,datil_prod,13327743927345783679129197370943253513332388689255755146523353285303415205540,0x1BbD73e3A467c2d1E7C5c2631158071Cee3e722C
yellowstone,datil_prod,85835648695561474751258370605109340998243792874450446434928343403717732230317,0x8D573a36016665C754BA9A44DfF0759faC4E22E0
yellowstone,datil_prod,55587039740669830142755868064356194072737977048125319602816723824635704528300,0x45a516dEaF8aCC13E4515E95aF39475Fd740DF22
yellowstone,datil_prod,2096807345994605990157679630647731657411264228281702950733261652402714206089,0xC841EdBf132516249b8449Ef9C39607661f15474
yellowstone,datil_prod,114103286212081747935781107689149237071455754702503607352093109526990168278939,0x51a94f703E18162b0138Ebf218B0b8fbfc9fB392
yellowstone,datil_prod,70793900617070928532897996824903408021580855403090122233248824328913019719970,0xF598925124388cfaB7eA32Eb981fB92F46938DE9
yellowstone,datil_prod,76211294869526523390162230690580265016019984234062363975435657741313143366527,0x325ca88E3fb543A6C519e102ED095Fb8B4E71DB3
yellowstone,datil_prod,72774923040588090181116609863821745077048868492037769512434243913492098203845,0x786B50DFB343984c87CeBE36cC9F47Fd2C4E5464
yellowstone,datil_prod,52740370085618223885269975026539154464647935346280452489640349076101078187574,0x78C21d4EA4949616672c00ef14C9Bc0d413252F2
yellowstone,datil_prod,24372842780897081140152406364587378625050668802456377517687530732444617779571,0x4419dBa53316A0554cb307019E2e17f1A380466d
yellowstone,datil_prod,87021258819839054185202408955723091040697650905526094103143923911418588391356,0x0cf206a23eFA6003A478F663e5E95Dc98FF2C776
yellowstone,datil_prod,95163726630878092839882244906276960481252658378433080125283166527098585872310,0x3ee13406F900285C3B6f281548C55B62b901B9CF
yellowstone,datil_prod,83116359501965488968154678131729533920263718035500340577761676357486946317581,0x90d8Fff19e5277a024be18079e4539027865701C
yellowstone,datil_prod,46042849529594705721818547022590997011385243112472695353029084217950037538785,0x02915FBCe0120e8C4f0A35C2f53a8208c71B4362
yellowstone,datil_prod,8938045244028924278363740036667363847693160551301138604471923933853160617551,0x2934072BEbEAD4d50E9Eaf8207a209B7bC02A658
yellowstone,datil_prod,29277145951467389735449536806977559909538567546297164456864833553423878479609,0x70C26250ebEfE95892C74Cf63183C697E8dd028a
yellowstone,datil_prod,79468161008617642661078651780899653888762667335764067860861059808378104625109,0xa98AeDF7B45f5Fa3039eb1efBAEc0F59529d9bA1
yellowstone,datil_prod,3499501228330995452090864600952907832191452461501861000182398690323314198391,0x1c120572a68eE5C89d48EF496050f02319c83A30
yellowstone,datil_prod,16598417670238634406039825018865921010557324977957369112739883796466815005132,0xA95B556c14458f55D0984B13d387f83CB89543ad
yellowstone,datil_prod,9365417838328170688784621750843422999757712915165857517238501371202806961902,0xf70363601654d452728151a931cF82467181459c
yellowstone,datil_prod,45147748633450194953199790052813814333035190732199234399791290616376887104655,0x0E18685A7139d946b7ec1b87665CF7d1bcb02931
yellowstone,datil_prod,62865418211971399861406051136662411028579906106640632250105292786089409060001,0xfb4947f2b375DA928836dFB003731A926Aa8D525
yellowstone,datil_prod,103610241225869562415047495483920209501686295676244172875007202476655270003356,0x83284b4A9Eea45475a6cD57aBdF9d0726464216f